,Prior Odds,Bayes Factor,Posterior Odds
Path a,2,0.123957616981487,0.247915233962974
Path b,2,1.66768056981807,3.33536113963613
Mediation,1,0.216087850316185,0.216087850316185
