,Prior Odds,Bayes Factor,Posterior Odds
Path a,1,0.213152149998528,0.213152149998528
Path b,1,38.6837590763023,38.6837590763023
Mediation,0.333333333333333,0.620012389207461,0.206670796402487
